"","emoji.counts","unicode","bytes","description"
"1",746,"U+1F602","\xF0\x9F\x98\x82","face with tears of joy"
"2",378,"U+1F629","\xF0\x9F\x98\xA9","weary face"
"3",302,"U+1F62D","\xF0\x9F\x98\xAD","loudly crying face"
"4",265,"U+1F60D","\xF0\x9F\x98\x8D","smiling face with heart-shaped eyes"
"5",257,"U+1F60A","\xF0\x9F\x98\x8A","smiling face with smiling eyes"
"6",223,"U+1F4AF","\xF0\x9F\x92\xAF","hundred points symbol"
"7",203,"U+1F60E","\xF0\x9F\x98\x8E","smiling face with sunglasses"
"8",195,"U+2764","\xE2\x9D\xA4","heavy black heart"
"9",162,"U+1F618","\xF0\x9F\x98\x98","face throwing a kiss"
"10",149,"U+1F612","\xF0\x9F\x98\x92","unamused face"
"11",123,"U+1F64C","\xF0\x9F\x99\x8C","person raising both hands in celebration"
"12",108,"U+1F60F","\xF0\x9F\x98\x8F","smirking face"
"13",106,"U+1F601","\xF0\x9F\x98\x81","grinning face with smiling eyes"
"14",103,"U+270C","\xE2\x9C\x8C","victory hand"
"15",101,"U+1F60C","\xF0\x9F\x98\x8C","relieved face"
"16",100,"U+263A","\xE2\x98\xBA","white smiling face"
"17",99,"U+1F525","\xF0\x9F\x94\xA5","fire"
"18",97,"U+1F62B","\xF0\x9F\x98\xAB","tired face"
"19",92,"U+1F4AA","\xF0\x9F\x92\xAA","flexed biceps"
"20",86,"U+1F440","\xF0\x9F\x91\x80","eyes"
"21",77,"U+1F60B","\xF0\x9F\x98\x8B","face savouring delicious food"
"22",75,"U+1F605","\xF0\x9F\x98\x85","smiling face with open mouth and cold sweat"
"23",75,"U+1F495","\xF0\x9F\x92\x95","two hearts"
"24",74,"U+1F44C","\xF0\x9F\x91\x8C","ok hand sign"
"25",74,"U+1F608","\xF0\x9F\x98\x88","smiling face with horns"
"26",73,"U+1F389","\xF0\x9F\x8E\x89","party popper"
"27",60,"U+1F633","\xF0\x9F\x98\xB3","flushed face"
"28",60,"U+203C","\xE2\x80\xBC","double exclamation mark"
"29",59,"U+1F3B6","\xF0\x9F\x8E\xB6","multiple musical notes"
"30",57,"U+1F61C","\xF0\x9F\x98\x9C","face with stuck-out tongue and winking eye"
"31",56,"U+1F615","\xF0\x9F\x98\x95","confused face"
"32",55,"U+1F48B","\xF0\x9F\x92\x8B","kiss mark"
"33",53,"U+1F61D","\xF0\x9F\x98\x9D","face with stuck-out tongue and tightly-closed eyes"
"34",50,"U+1F611","\xF0\x9F\x98\x91","expressionless face"
"35",49,"U+1F481","\xF0\x9F\x92\x81","information desk person"
"36",49,"U+1F610","\xF0\x9F\x98\x90","neutral face"
"37",46,"U+1F614","\xF0\x9F\x98\x94","pensive face"
"38",44,"U+1F64F","\xF0\x9F\x99\x8F","person with folded hands"
"39",44,"U+1F499","\xF0\x9F\x92\x99","blue heart"
"40",40,"U+1F485","\xF0\x9F\x92\x85","nail polish"
"41",39,"U+1F648","\xF0\x9F\x99\x88","see-no-evil monkey"
"42",39,"U+2600","\xE2\x98\x80","black sun with rays"
"43",39,"U+1F44F","\xF0\x9F\x91\x8F","clapping hands sign"
"44",38,"U+1F6AC","\xF0\x9F\x9A\xAC","smoking symbol"
"45",38,"U+1F634","\xF0\x9F\x98\xB4","sleeping face"
"46",37,"U+1F609","\xF0\x9F\x98\x89","winking face"
"47",36,"U+1F451","\xF0\x9F\x91\x91","crown"
"48",35,"U+1F393","\xF0\x9F\x8E\x93","graduation cap"
"49",35,"U+1F483","\xF0\x9F\x92\x83","dancer"
"50",34,"U+1F624","\xF0\x9F\x98\xA4","face with look of triumph"
"51",34,"U+1F37B","\xF0\x9F\x8D\xBB","clinking beer mugs"
"52",34,"U+1F44D","\xF0\x9F\x91\x8D","thumbs up sign"
"53",33,"U+1F622","\xF0\x9F\x98\xA2","crying face"
"54",32,"U+26BE","\xE2\x9A\xBE","baseball"
"55",30,"U+270A","\xE2\x9C\x8A","raised fist"
"56",29,"U+2728","\xE2\x9C\xA8","sparkles"
"57",29,"U+1F49C","\xF0\x9F\x92\x9C","purple heart"
"58",28,"U+1F613","\xF0\x9F\x98\x93","face with cold sweat"
"59",28,"U+2757","\xE2\x9D\x97","heavy exclamation mark symbol"
"60",28,"U+1F498","\xF0\x9F\x92\x98","heart with arrow"
"61",26,"U+1F44B","\xF0\x9F\x91\x8B","waving hand sign"
"62",25,"U+1F496","\xF0\x9F\x92\x96","sparkling heart"
"63",24,"U+1F606","\xF0\x9F\x98\x86","smiling face with open mouth and tightly-closed eyes"
"64",24,"U+1F621","\xF0\x9F\x98\xA1","pouting face"
"65",24,"U+1F1FA U+1F1F8","\xF0\x9F\x87\xBA\xF0\x9F\x87\xB8","regional indicator symbol letter u + regional indicator symbol letter s"
"66",24,"U+1F3A4","\xF0\x9F\x8E\xA4","microphone"
"67",24,"U+1F4B8","\xF0\x9F\x92\xB8","money with wings"
"68",24,"U+1F61B","\xF0\x9F\x98\x9B","face with stuck-out tongue"
"69",23,"U+1F604","\xF0\x9F\x98\x84","smiling face with open mouth and smiling eyes"
"70",23,"U+1F46F","\xF0\x9F\x91\xAF","woman with bunny ears"
"71",23,"U+1F4A6","\xF0\x9F\x92\xA6","splashing sweat symbol"
"72",23,"U+1F52B","\xF0\x9F\x94\xAB","pistol"
"73",22,"U+1F4B0","\xF0\x9F\x92\xB0","money bag"
"74",21,"U+1F49B","\xF0\x9F\x92\x9B","yellow heart"
"75",21,"U+1F46D","\xF0\x9F\x91\xAD","two women holding hands"
"76",20,"U+1F44A","\xF0\x9F\x91\x8A","fisted hand sign"
"77",19,"U+1F64A","\xF0\x9F\x99\x8A","speak-no-evil monkey"
"78",19,"U+1F49E","\xF0\x9F\x92\x9E","revolving hearts"
"79",19,"U+1F607","\xF0\x9F\x98\x87","smiling face with halo"
"80",18,"U+1F616","\xF0\x9F\x98\x96","confounded face"
"81",18,"U+1F378","\xF0\x9F\x8D\xB8","cocktail glass"
"82",18,"U+1F3C0","\xF0\x9F\x8F\x80","basketball and hoop"
"83",18,"U+1F4A8","\xF0\x9F\x92\xA8","dash symbol"
"84",18,"U+1F31A","\xF0\x9F\x8C\x9A","new moon with face"
"85",17,"U+1F61E","\xF0\x9F\x98\x9E","disappointed face"
"86",17,"U+1F38A","\xF0\x9F\x8E\x8A","confetti ball"
"87",17,"U+1F3A7","\xF0\x9F\x8E\xA7","headphone"
"88",17,"U+1F497","\xF0\x9F\x92\x97","growing heart"
"89",16,"U+1F379","\xF0\x9F\x8D\xB9","tropical drink"
"90",16,"U+1F3A5","\xF0\x9F\x8E\xA5","movie camera"
"91",16,"U+1F480","\xF0\x9F\x92\x80","skull"
"92",16,"U+1F48D","\xF0\x9F\x92\x8D","ring"
"93",15,"U+2615","\xE2\x98\x95","hot beverage"
"94",15,"U+1F31F","\xF0\x9F\x8C\x9F","glowing star"
"95",15,"U+1F334","\xF0\x9F\x8C\xB4","palm tree"
"96",15,"U+1F388","\xF0\x9F\x8E\x88","balloon"
"97",14,"U+1F637","\xF0\x9F\x98\xB7","face with medical mask"
"98",14,"U+270B","\xE2\x9C\x8B","raised hand"
"99",14,"U+1F382","\xF0\x9F\x8E\x82","birthday cake"
"100",14,"U+1F4A5","\xF0\x9F\x92\xA5","collision symbol"
"101",14,"U+1F4F7","\xF0\x9F\x93\xB7","camera"
"102",13,"U+1F625","\xF0\x9F\x98\xA5","disappointed but relieved face"
"103",13,"U+2714","\xE2\x9C\x94","heavy check mark"
"104",13,"U+1F374","\xF0\x9F\x8D\xB4","fork and knife"
"105",13,"U+1F489","\xF0\x9F\x92\x89","syringe"
"106",13,"U+1F4B5","\xF0\x9F\x92\xB5","banknote with dollar sign"
"107",13,"U+1F600","\xF0\x9F\x98\x80","grinning face"
"108",13,"U+1F62C","\xF0\x9F\x98\xAC","grimacing face"
"109",12,"U+1F623","\xF0\x9F\x98\xA3","persevering face"
"110",12,"U+1F197","\xF0\x9F\x86\x97","squared ok"
"111",12,"U+0031 U+20E3","\x31\xE2\x83\xA3","digit one + combining enclosing keycap"
"112",12,"U+1F339","\xF0\x9F\x8C\xB9","rose"
"113",12,"U+1F377","\xF0\x9F\x8D\xB7","wine glass"
"114",12,"U+1F37A","\xF0\x9F\x8D\xBA","beer mug"
"115",12,"U+1F445","\xF0\x9F\x91\x85","tongue"
"116",12,"U+1F44E","\xF0\x9F\x91\x8E","thumbs down sign"
"117",12,"U+1F31E","\xF0\x9F\x8C\x9E","sun with face"
"118",11,"U+1F63B","\xF0\x9F\x98\xBB","smiling cat face with heart-shaped eyes"
"119",11,"U+1F63D","\xF0\x9F\x98\xBD","kissing cat face with closed eyes"
"120",11,"U+1F303","\xF0\x9F\x8C\x83","night with stars"
"121",11,"U+1F335","\xF0\x9F\x8C\xB5","cactus"
"122",11,"U+1F380","\xF0\x9F\x8E\x80","ribbon"
"123",11,"U+1F487","\xF0\x9F\x92\x87","haircut"
"124",11,"U+1F636","\xF0\x9F\x98\xB6","face without mouth"
"125",10,"U+1F647","\xF0\x9F\x99\x87","person bowing deeply"
"126",10,"U+1F6A8","\xF0\x9F\x9A\xA8","police cars revolving light"
"127",10,"U+25FD","\xE2\x97\xBD","white medium small square"
"128",10,"U+26AA","\xE2\x9A\xAA","medium white circle"
"129",10,"U+1F308","\xF0\x9F\x8C\x88","rainbow"
"130",10,"U+1F30A","\xF0\x9F\x8C\x8A","water wave"
"131",10,"U+1F450","\xF0\x9F\x91\x90","open hands sign"
"132",10,"U+1F478","\xF0\x9F\x91\xB8","princess"
"133",10,"U+1F479","\xF0\x9F\x91\xB9","japanese ogre"
"134",10,"U+1F482","\xF0\x9F\x92\x82","guardsman"
"135",10,"U+1F61F","\xF0\x9F\x98\x9F","worried face"
"136",9,"U+1F603","\xF0\x9F\x98\x83","smiling face with open mouth"
"137",9,"U+1F620","\xF0\x9F\x98\xA0","angry face"
"138",9,"U+1F62A","\xF0\x9F\x98\xAA","sleepy face"
"139",9,"U+2708","\xE2\x9C\x88","airplane"
"140",9,"U+274C","\xE2\x9D\x8C","cross mark"
"141",9,"U+2753","\xE2\x9D\x93","black question mark ornament"
"142",9,"U+267B","\xE2\x99\xBB","black universal recycling symbol"
"143",9,"U+1F33B","\xF0\x9F\x8C\xBB","sunflower"
"144",9,"U+1F33C","\xF0\x9F\x8C\xBC","blossom"
"145",9,"U+1F34C","\xF0\x9F\x8D\x8C","banana"
"146",9,"U+1F3B5","\xF0\x9F\x8E\xB5","musical note"
"147",9,"U+1F3C3","\xF0\x9F\x8F\x83","runner"
"148",9,"U+1F448","\xF0\x9F\x91\x88","white left pointing backhand index"
"149",9,"U+1F46B","\xF0\x9F\x91\xAB","man and woman holding hands"
"150",9,"U+1F490","\xF0\x9F\x92\x90","bouquet"
"151",9,"U+1F494","\xF0\x9F\x92\x94","broken heart"
"152",9,"U+1F49F","\xF0\x9F\x92\x9F","heart decoration"
"153",9,"U+1F50A","\xF0\x9F\x94\x8A","speaker with three sound waves"
"154",8,"U+1F631","\xF0\x9F\x98\xB1","face screaming in fear"
"155",8,"U+0032 U+20E3","\x32\xE2\x83\xA3","digit two + combining enclosing keycap"
"156",8,"U+25AB","\xE2\x96\xAB","white small square"
"157",8,"U+1F300","\xF0\x9F\x8C\x80","cyclone"
"158",8,"U+1F337","\xF0\x9F\x8C\xB7","tulip"
"159",8,"U+1F33A","\xF0\x9F\x8C\xBA","hibiscus"
"160",8,"U+1F343","\xF0\x9F\x8D\x83","leaf fluttering in wind"
"161",8,"U+1F351","\xF0\x9F\x8D\x91","peach"
"162",8,"U+1F3C6","\xF0\x9F\x8F\x86","trophy"
"163",8,"U+1F453","\xF0\x9F\x91\x93","eyeglasses"
"164",8,"U+1F463","\xF0\x9F\x91\xA3","footprints"
"165",8,"U+1F488","\xF0\x9F\x92\x88","barber pole"
"166",8,"U+1F49A","\xF0\x9F\x92\x9A","green heart"
"167",8,"U+1F333","\xF0\x9F\x8C\xB3","deciduous tree"
"168",7,"U+2755","\xE2\x9D\x95","white exclamation mark ornament"
"169",7,"U+1F697","\xF0\x9F\x9A\x97","automobile"
"170",7,"U+00AE","\xC2\xAE","registered sign"
"171",7,"U+25FB","\xE2\x97\xBB","white medium square"
"172",7,"U+1F319","\xF0\x9F\x8C\x99","crescent moon"
"173",7,"U+1F381","\xF0\x9F\x8E\x81","wrapped present"
"174",7,"U+1F3CA","\xF0\x9F\x8F\x8A","swimmer"
"175",7,"U+1F436","\xF0\x9F\x90\xB6","dog face"
"176",7,"U+1F460","\xF0\x9F\x91\xA0","high-heeled shoe"
"177",7,"U+1F47F","\xF0\x9F\x91\xBF","imp"
"178",7,"U+1F30E","\xF0\x9F\x8C\x8E","earth globe americas"
"179",7,"U+1F4AD","\xF0\x9F\x92\xAD","thought balloon"
"180",6,"U+1F61A","\xF0\x9F\x98\x9A","kissing face with closed eyes"
"181",6,"U+1F645","\xF0\x9F\x99\x85","face with no good gesture"
"182",6,"U+1F64B","\xF0\x9F\x99\x8B","happy person raising one hand"
"183",6,"U+1F6B6","\xF0\x9F\x9A\xB6","pedestrian"
"184",6,"U+2122","\xE2\x84\xA2","trade mark sign"
"185",6,"U+2665","\xE2\x99\xA5","black heart suit"
"186",6,"U+2B50","\xE2\xAD\x90","white medium star"
"187",6,"U+1F33F","\xF0\x9F\x8C\xBF","herb"
"188",6,"U+1F349","\xF0\x9F\x8D\x89","watermelon"
"189",6,"U+1F354","\xF0\x9F\x8D\x94","hamburger"
"190",6,"U+1F366","\xF0\x9F\x8D\xA6","soft ice cream"
"191",6,"U+1F369","\xF0\x9F\x8D\xA9","doughnut"
"192",6,"U+1F36B","\xF0\x9F\x8D\xAB","chocolate bar"
"193",6,"U+1F3B8","\xF0\x9F\x8E\xB8","guitar"
"194",6,"U+1F3BC","\xF0\x9F\x8E\xBC","musical score"
"195",6,"U+1F459","\xF0\x9F\x91\x99","bikini"
"196",6,"U+1F464","\xF0\x9F\x91\xA4","bust in silhouette"
"197",6,"U+1F476","\xF0\x9F\x91\xB6","baby"
"198",6,"U+1F47C","\xF0\x9F\x91\xBC","baby angel"
"199",6,"U+1F47D","\xF0\x9F\x91\xBD","extraterrestrial alien"
"200",6,"U+1F48E","\xF0\x9F\x92\x8E","gem stone"
"201",6,"U+1F4A4","\xF0\x9F\x92\xA4","sleeping symbol"
"202",6,"U+1F619","\xF0\x9F\x98\x99","kissing face with smiling eyes"
"203",5,"U+1F630","\xF0\x9F\x98\xB0","face with open mouth and cold sweat"
"204",5,"U+1F649","\xF0\x9F\x99\x89","hear-no-evil monkey"
"205",5,"U+25B6","\xE2\x96\xB6","black right-pointing triangle"
"206",5,"U+261D","\xE2\x98\x9D","white up pointing index"
"207",5,"U+264A","\xE2\x99\x8A","gemini"
"208",5,"U+26FD","\xE2\x9B\xBD","fuel pump"
"209",5,"U+1F305","\xF0\x9F\x8C\x85","sunrise"
"210",5,"U+1F338","\xF0\x9F\x8C\xB8","cherry blossom"
"211",5,"U+1F3AD","\xF0\x9F\x8E\xAD","performing arts"
"212",5,"U+1F3C8","\xF0\x9F\x8F\x88","american football"
"213",5,"U+1F431","\xF0\x9F\x90\xB1","cat face"
"214",5,"U+1F449","\xF0\x9F\x91\x89","white right pointing backhand index"
"215",5,"U+1F46E","\xF0\x9F\x91\xAE","police officer"
"216",5,"U+1F473","\xF0\x9F\x91\xB3","man with turban"
"217",5,"U+1F4A3","\xF0\x9F\x92\xA3","bomb"
"218",5,"U+1F4A9","\xF0\x9F\x92\xA9","pile of poo"
"219",5,"U+1F4BF","\xF0\x9F\x92\xBF","optical disc"
"220",5,"U+1F535","\xF0\x9F\x94\xB5","large blue circle"
"221",4,"U+1F628","\xF0\x9F\x98\xA8","fearful face"
"222",4,"U+1F635","\xF0\x9F\x98\xB5","dizzy face"
"223",4,"U+1F646","\xF0\x9F\x99\x86","face with ok gesture"
"224",4,"U+27A1","\xE2\x9E\xA1","black rightwards arrow"
"225",4,"U+1F680","\xF0\x9F\x9A\x80","rocket"
"226",4,"U+1F192","\xF0\x9F\x86\x92","squared cool"
"227",4,"U+0038 U+20E3","\x38\xE2\x83\xA3","digit eight + combining enclosing keycap"
"228",4,"U+0039 U+20E3","\x39\xE2\x83\xA3","digit nine + combining enclosing keycap"
"229",4,"U+2693","\xE2\x9A\x93","anchor"
"230",4,"U+26AB","\xE2\x9A\xAB","medium black circle"
"231",4,"U+26BD","\xE2\x9A\xBD","soccer ball"
"232",4,"U+1F33E","\xF0\x9F\x8C\xBE","ear of rice"
"233",4,"U+1F34D","\xF0\x9F\x8D\x8D","pineapple"
"234",4,"U+1F352","\xF0\x9F\x8D\x92","cherries"
"235",4,"U+1F353","\xF0\x9F\x8D\x93","strawberry"
"236",4,"U+1F355","\xF0\x9F\x8D\x95","slice of pizza"
"237",4,"U+1F370","\xF0\x9F\x8D\xB0","shortcake"
"238",4,"U+1F3A8","\xF0\x9F\x8E\xA8","artist palette"
"239",4,"U+1F3C4","\xF0\x9F\x8F\x84","surfer"
"240",4,"U+1F433","\xF0\x9F\x90\xB3","spouting whale"
"241",4,"U+1F43C","\xF0\x9F\x90\xBC","panda face"
"242",4,"U+1F470","\xF0\x9F\x91\xB0","bride with veil"
"243",4,"U+1F484","\xF0\x9F\x92\x84","lipstick"
"244",4,"U+1F486","\xF0\x9F\x92\x86","face massage"
"245",4,"U+1F48F","\xF0\x9F\x92\x8F","kiss"
"246",4,"U+1F4DA","\xF0\x9F\x93\x9A","books"
"247",4,"U+1F511","\xF0\x9F\x94\x91","key"
"248",4,"U+1F534","\xF0\x9F\x94\xB4","large red circle"
"249",4,"U+1F698","\xF0\x9F\x9A\x98","oncoming automobile"
"250",4,"U+1F6AE","\xF0\x9F\x9A\xAE","put litter in its place symbol"
"251",4,"U+1F30D","\xF0\x9F\x8C\x8D","earth globe europe-africa"
"252",4,"U+1F37C","\xF0\x9F\x8D\xBC","baby bottle"
"253",4,"U+1F46C","\xF0\x9F\x91\xAC","two men holding hands"
"254",3,"U+1F64D","\xF0\x9F\x99\x8D","person frowning"
"255",3,"U+2705","\xE2\x9C\x85","white heavy check mark"
"256",3,"U+2795","\xE2\x9E\x95","heavy plus sign"
"257",3,"U+1F6AB","\xF0\x9F\x9A\xAB","no entry sign"
"258",3,"U+1F6B2","\xF0\x9F\x9A\xB2","bicycle"
"259",3,"U+24C2","\xE2\x93\x82","circled latin capital letter m"
"260",3,"U+1F170","\xF0\x9F\x85\xB0","negative squared latin capital letter a"
"261",3,"U+1F199","\xF0\x9F\x86\x99","squared up with exclamation mark"
"262",3,"U+2049","\xE2\x81\x89","exclamation question mark"
"263",3,"U+0037 U+20E3","\x37\xE2\x83\xA3","digit seven + combining enclosing keycap"
"264",3,"U+0023 U+20E3","\x23\xE2\x83\xA3","number sign + combining enclosing keycap"
"265",3,"U+25FE","\xE2\x97\xBE","black medium small square"
"266",3,"U+260E","\xE2\x98\x8E","black telephone"
"267",3,"U+26A1","\xE2\x9A\xA1","high voltage sign"
"268",3,"U+26C5","\xE2\x9B\x85","sun behind cloud"
"269",3,"U+26F5","\xE2\x9B\xB5","sailboat"
"270",3,"U+2B1C","\xE2\xAC\x9C","white large square"
"271",3,"U+1F306","\xF0\x9F\x8C\x86","cityscape at dusk"
"272",3,"U+1F309","\xF0\x9F\x8C\x89","bridge at night"
"273",3,"U+1F34A","\xF0\x9F\x8D\x8A","tangerine"
"274",3,"U+1F34E","\xF0\x9F\x8D\x8E","red apple"
"275",3,"U+1F357","\xF0\x9F\x8D\x97","poultry leg"
"276",3,"U+1F38E","\xF0\x9F\x8E\x8E","japanese dolls"
"277",3,"U+1F3A9","\xF0\x9F\x8E\xA9","top hat"
"278",3,"U+1F3AE","\xF0\x9F\x8E\xAE","video game"
"279",3,"U+1F3B2","\xF0\x9F\x8E\xB2","game die"
"280",3,"U+1F3E1","\xF0\x9F\x8F\xA1","house with garden"
"281",3,"U+1F40D","\xF0\x9F\x90\x8D","snake"
"282",3,"U+1F41F","\xF0\x9F\x90\x9F","fish"
"283",3,"U+1F420","\xF0\x9F\x90\xA0","tropical fish"
"284",3,"U+1F43B","\xF0\x9F\x90\xBB","bear face"
"285",3,"U+1F43E","\xF0\x9F\x90\xBE","paw prints"
"286",3,"U+1F454","\xF0\x9F\x91\x94","necktie"
"287",3,"U+1F457","\xF0\x9F\x91\x97","dress"
"288",3,"U+1F466","\xF0\x9F\x91\xA6","boy"
"289",3,"U+1F491","\xF0\x9F\x92\x91","couple with heart"
"290",3,"U+1F493","\xF0\x9F\x92\x93","beating heart"
"291",3,"U+1F49D","\xF0\x9F\x92\x9D","heart with ribbon"
"292",3,"U+1F4A1","\xF0\x9F\x92\xA1","electric light bulb"
"293",3,"U+1F4AB","\xF0\x9F\x92\xAB","dizzy symbol"
"294",3,"U+1F513","\xF0\x9F\x94\x93","open lock"
"295",3,"U+1F514","\xF0\x9F\x94\x94","bell"
"296",3,"U+1F526","\xF0\x9F\x94\xA6","electric torch"
"297",3,"U+1F528","\xF0\x9F\x94\xA8","hammer"
"298",3,"U+1F52A","\xF0\x9F\x94\xAA","hocho"
"299",3,"U+1F627","\xF0\x9F\x98\xA7","anguished face"
"300",2,"U+1F63C","\xF0\x9F\x98\xBC","cat face with wry smile"
"301",2,"U+1F640","\xF0\x9F\x99\x80","weary cat face"
"302",2,"U+2702","\xE2\x9C\x82","black scissors"
"303",2,"U+270F","\xE2\x9C\x8F","pencil"
"304",2,"U+2716","\xE2\x9C\x96","heavy multiplication x"
"305",2,"U+1F687","\xF0\x9F\x9A\x87","metro"
"306",2,"U+1F692","\xF0\x9F\x9A\x92","fire engine"
"307",2,"U+1F693","\xF0\x9F\x9A\x93","police car"
"308",2,"U+1F6A2","\xF0\x9F\x9A\xA2","ship"
"309",2,"U+1F6A5","\xF0\x9F\x9A\xA5","horizontal traffic light"
"310",2,"U+1F6AA","\xF0\x9F\x9A\xAA","door"
"311",2,"U+0033 U+20E3","\x33\xE2\x83\xA3","digit three + combining enclosing keycap"
"312",2,"U+0035 U+20E3","\x35\xE2\x83\xA3","digit five + combining enclosing keycap"
"313",2,"U+0034 U+20E3","\x34\xE2\x83\xA3","digit four + combining enclosing keycap"
"314",2,"U+25AA","\xE2\x96\xAA","black small square"
"315",2,"U+25FC","\xE2\x97\xBC","black medium square"
"316",2,"U+26F3","\xE2\x9B\xB3","flag in hole"
"317",2,"U+2B06","\xE2\xAC\x86","upwards black arrow"
"318",2,"U+2B55","\xE2\xAD\x95","heavy large circle"
"319",2,"U+3030","\xE3\x80\xB0","wavy dash"
"320",2,"U+303D","\xE3\x80\xBD","part alternation mark"
"321",2,"U+1F307","\xF0\x9F\x8C\x87","sunset over buildings"
"322",2,"U+1F30F","\xF0\x9F\x8C\x8F","earth globe asia-australia"
"323",2,"U+1F320","\xF0\x9F\x8C\xA0","shooting star"
"324",2,"U+1F346","\xF0\x9F\x8D\x86","aubergine"
"325",2,"U+1F35B","\xF0\x9F\x8D\x9B","curry and rice"
"326",2,"U+1F35C","\xF0\x9F\x8D\x9C","steaming bowl"
"327",2,"U+1F35F","\xF0\x9F\x8D\x9F","french fries"
"328",2,"U+1F371","\xF0\x9F\x8D\xB1","bento box"
"329",2,"U+1F373","\xF0\x9F\x8D\xB3","cooking"
"330",2,"U+1F392","\xF0\x9F\x8E\x92","school satchel"
"331",2,"U+1F3B0","\xF0\x9F\x8E\xB0","slot machine"
"332",2,"U+1F3E5","\xF0\x9F\x8F\xA5","hospital"
"333",2,"U+1F3F0","\xF0\x9F\x8F\xB0","european castle"
"334",2,"U+1F412","\xF0\x9F\x90\x92","monkey"
"335",2,"U+1F41D","\xF0\x9F\x90\x9D","honeybee"
"336",2,"U+1F423","\xF0\x9F\x90\xA3","hatching chick"
"337",2,"U+1F426","\xF0\x9F\x90\xA6","bird"
"338",2,"U+1F42C","\xF0\x9F\x90\xAC","dolphin"
"339",2,"U+1F42F","\xF0\x9F\x90\xAF","tiger face"
"340",2,"U+1F435","\xF0\x9F\x90\xB5","monkey face"
"341",2,"U+1F438","\xF0\x9F\x90\xB8","frog face"
"342",2,"U+1F43A","\xF0\x9F\x90\xBA","wolf face"
"343",2,"U+1F45E","\xF0\x9F\x91\x9E","mans shoe"
"344",2,"U+1F45F","\xF0\x9F\x91\x9F","athletic shoe"
"345",2,"U+1F462","\xF0\x9F\x91\xA2","womans boots"
"346",2,"U+1F468","\xF0\x9F\x91\xA8","man"
"347",2,"U+1F469","\xF0\x9F\x91\xA9","woman"
"348",2,"U+1F46A","\xF0\x9F\x91\xAA","family"
"349",2,"U+1F48A","\xF0\x9F\x92\x8A","pill"
"350",2,"U+1F48C","\xF0\x9F\x92\x8C","love letter"
"351",2,"U+1F4A7","\xF0\x9F\x92\xA7","droplet"
"352",2,"U+1F4B2","\xF0\x9F\x92\xB2","heavy dollar sign"
"353",2,"U+1F4BA","\xF0\x9F\x92\xBA","seat"
"354",2,"U+1F4BD","\xF0\x9F\x92\xBD","minidisc"
"355",2,"U+1F4D6","\xF0\x9F\x93\x96","open book"
"356",2,"U+1F4E1","\xF0\x9F\x93\xA1","satellite antenna"
"357",2,"U+1F4E2","\xF0\x9F\x93\xA2","public address loudspeaker"
"358",2,"U+1F510","\xF0\x9F\x94\x90","closed lock with key"
"359",2,"U+1F512","\xF0\x9F\x94\x92","lock"
"360",2,"U+1F519","\xF0\x9F\x94\x99","back with leftwards arrow above"
"361",2,"U+1F51B","\xF0\x9F\x94\x9B","on with exclamation mark with left right arrow above"
"362",2,"U+1F51C","\xF0\x9F\x94\x9C","soon with rightwards arrow above"
"363",2,"U+1F51D","\xF0\x9F\x94\x9D","top with upwards arrow above"
"364",2,"U+1F529","\xF0\x9F\x94\xA9","nut and bolt"
"365",2,"U+1F537","\xF0\x9F\x94\xB7","large blue diamond"
"366",2,"U+1F617","\xF0\x9F\x98\x97","kissing face"
"367",2,"U+1F626","\xF0\x9F\x98\xA6","frowning face with open mouth"
"368",2,"U+1F62E","\xF0\x9F\x98\xAE","face with open mouth"
"369",2,"U+1F694","\xF0\x9F\x9A\x94","oncoming police car"
"370",2,"U+1F6A3","\xF0\x9F\x9A\xA3","rowboat"
"371",2,"U+1F31C","\xF0\x9F\x8C\x9C","last quarter moon with face"
"372",2,"U+1F3E4","\xF0\x9F\x8F\xA4","european post office"
"373",2,"U+1F410","\xF0\x9F\x90\x90","goat"
"374",1,"U+1F632","\xF0\x9F\x98\xB2","astonished face"
"375",1,"U+1F638","\xF0\x9F\x98\xB8","grinning cat face with smiling eyes"
"376",1,"U+1F639","\xF0\x9F\x98\xB9","cat face with tears of joy"
"377",1,"U+1F63E","\xF0\x9F\x98\xBE","pouting cat face"
"378",1,"U+1F63F","\xF0\x9F\x98\xBF","crying cat face"
"379",1,"U+1F64E","\xF0\x9F\x99\x8E","person with pouting face"
"380",1,"U+2744","\xE2\x9D\x84","snowflake"
"381",1,"U+2754","\xE2\x9D\x94","white question mark ornament"
"382",1,"U+1F684","\xF0\x9F\x9A\x84","high-speed train"
"383",1,"U+1F6A4","\xF0\x9F\x9A\xA4","speedboat"
"384",1,"U+1F6AD","\xF0\x9F\x9A\xAD","no smoking symbol"
"385",1,"U+1F6BA","\xF0\x9F\x9A\xBA","womens symbol"
"386",1,"U+1F171","\xF0\x9F\x85\xB1","negative squared latin capital letter b"
"387",1,"U+1F17F","\xF0\x9F\x85\xBF","negative squared latin capital letter p"
"388",1,"U+1F193","\xF0\x9F\x86\x93","squared free"
"389",1,"U+1F195","\xF0\x9F\x86\x95","squared new"
"390",1,"U+1F1EC U+1F1E7","\xF0\x9F\x87\xAC\xF0\x9F\x87\xA7","regional indicator symbol letter g + regional indicator symbol letter b"
"391",1,"U+1F1EE U+1F1F9","\xF0\x9F\x87\xAE\xF0\x9F\x87\xB9","regional indicator symbol letter i + regional indicator symbol letter t"
"392",1,"U+1F239","\xF0\x9F\x88\xB9","squared cjk unified ideograph-5272"
"393",1,"U+1F250","\xF0\x9F\x89\x90","circled ideograph advantage"
"394",1,"U+0036 U+20E3","\x36\xE2\x83\xA3","digit six + combining enclosing keycap"
"395",1,"U+0030 U+20E3","\x30\xE2\x83\xA3","digit zero + combining enclosing keycap"
"396",1,"U+2194","\xE2\x86\x94","left right arrow"
"397",1,"U+2195","\xE2\x86\x95","up down arrow"
"398",1,"U+2196","\xE2\x86\x96","north west arrow"
"399",1,"U+2197","\xE2\x86\x97","north east arrow"
"400",1,"U+23E9","\xE2\x8F\xA9","black right-pointing double triangle"
"401",1,"U+23F0","\xE2\x8F\xB0","alarm clock"
"402",1,"U+23F3","\xE2\x8F\xB3","hourglass with flowing sand"
"403",1,"U+2601","\xE2\x98\x81","cloud"
"404",1,"U+2614","\xE2\x98\x94","umbrella with rain drops"
"405",1,"U+2649","\xE2\x99\x89","taurus"
"406",1,"U+264C","\xE2\x99\x8C","leo"
"407",1,"U+264E","\xE2\x99\x8E","libra"
"408",1,"U+264F","\xE2\x99\x8F","scorpius"
"409",1,"U+2653","\xE2\x99\x93","pisces"
"410",1,"U+2668","\xE2\x99\xA8","hot springs"
"411",1,"U+26C4","\xE2\x9B\x84","snowman without snow"
"412",1,"U+26CE","\xE2\x9B\x8E","ophiuchus"
"413",1,"U+26EA","\xE2\x9B\xAA","church"
"414",1,"U+1F302","\xF0\x9F\x8C\x82","closed umbrella"
"415",1,"U+1F304","\xF0\x9F\x8C\x84","sunrise over mountains"
"416",1,"U+1F311","\xF0\x9F\x8C\x91","new moon symbol"
"417",1,"U+1F31B","\xF0\x9F\x8C\x9B","first quarter moon with face"
"418",1,"U+1F330","\xF0\x9F\x8C\xB0","chestnut"
"419",1,"U+1F340","\xF0\x9F\x8D\x80","four leaf clover"
"420",1,"U+1F341","\xF0\x9F\x8D\x81","maple leaf"
"421",1,"U+1F342","\xF0\x9F\x8D\x82","fallen leaf"
"422",1,"U+1F347","\xF0\x9F\x8D\x87","grapes"
"423",1,"U+1F348","\xF0\x9F\x8D\x88","melon"
"424",1,"U+1F356","\xF0\x9F\x8D\x96","meat on bone"
"425",1,"U+1F35A","\xF0\x9F\x8D\x9A","cooked rice"
"426",1,"U+1F35E","\xF0\x9F\x8D\x9E","bread"
"427",1,"U+1F361","\xF0\x9F\x8D\xA1","dango"
"428",1,"U+1F364","\xF0\x9F\x8D\xA4","fried shrimp"
"429",1,"U+1F365","\xF0\x9F\x8D\xA5","fish cake with swirl design"
"430",1,"U+1F36A","\xF0\x9F\x8D\xAA","cookie"
"431",1,"U+1F36E","\xF0\x9F\x8D\xAE","custard"
"432",1,"U+1F36F","\xF0\x9F\x8D\xAF","honey pot"
"433",1,"U+1F386","\xF0\x9F\x8E\x86","fireworks"
"434",1,"U+1F387","\xF0\x9F\x8E\x87","firework sparkler"
"435",1,"U+1F38B","\xF0\x9F\x8E\x8B","tanabata tree"
"436",1,"U+1F390","\xF0\x9F\x8E\x90","wind chime"
"437",1,"U+1F3A0","\xF0\x9F\x8E\xA0","carousel horse"
"438",1,"U+1F3A3","\xF0\x9F\x8E\xA3","fishing pole and fish"
"439",1,"U+1F3AA","\xF0\x9F\x8E\xAA","circus tent"
"440",1,"U+1F3AC","\xF0\x9F\x8E\xAC","clapper board"
"441",1,"U+1F3AF","\xF0\x9F\x8E\xAF","direct hit"
"442",1,"U+1F3B1","\xF0\x9F\x8E\xB1","billiards"
"443",1,"U+1F3B3","\xF0\x9F\x8E\xB3","bowling"
"444",1,"U+1F3B7","\xF0\x9F\x8E\xB7","saxophone"
"445",1,"U+1F3B9","\xF0\x9F\x8E\xB9","musical keyboard"
"446",1,"U+1F3BA","\xF0\x9F\x8E\xBA","trumpet"
"447",1,"U+1F3BB","\xF0\x9F\x8E\xBB","violin"
"448",1,"U+1F3BE","\xF0\x9F\x8E\xBE","tennis racquet and ball"
"449",1,"U+1F3C2","\xF0\x9F\x8F\x82","snowboarder"
"450",1,"U+1F3E0","\xF0\x9F\x8F\xA0","house building"
"451",1,"U+1F3E6","\xF0\x9F\x8F\xA6","bank"
"452",1,"U+1F3E7","\xF0\x9F\x8F\xA7","automated teller machine"
"453",1,"U+1F3E8","\xF0\x9F\x8F\xA8","hotel"
"454",1,"U+1F40C","\xF0\x9F\x90\x8C","snail"
"455",1,"U+1F417","\xF0\x9F\x90\x97","boar"
"456",1,"U+1F418","\xF0\x9F\x90\x98","elephant"
"457",1,"U+1F419","\xF0\x9F\x90\x99","octopus"
"458",1,"U+1F41B","\xF0\x9F\x90\x9B","bug"
"459",1,"U+1F41E","\xF0\x9F\x90\x9E","lady beetle"
"460",1,"U+1F422","\xF0\x9F\x90\xA2","turtle"
"461",1,"U+1F424","\xF0\x9F\x90\xA4","baby chick"
"462",1,"U+1F425","\xF0\x9F\x90\xA5","front-facing baby chick"
"463",1,"U+1F434","\xF0\x9F\x90\xB4","horse face"
"464",1,"U+1F437","\xF0\x9F\x90\xB7","pig face"
"465",1,"U+1F443","\xF0\x9F\x91\x83","nose"
"466",1,"U+1F444","\xF0\x9F\x91\x84","mouth"
"467",1,"U+1F446","\xF0\x9F\x91\x86","white up pointing backhand index"
"468",1,"U+1F447","\xF0\x9F\x91\x87","white down pointing backhand index"
"469",1,"U+1F452","\xF0\x9F\x91\x92","womans hat"
"470",1,"U+1F456","\xF0\x9F\x91\x96","jeans"
"471",1,"U+1F458","\xF0\x9F\x91\x98","kimono"
"472",1,"U+1F45A","\xF0\x9F\x91\x9A","womans clothes"
"473",1,"U+1F45B","\xF0\x9F\x91\x9B","purse"
"474",1,"U+1F45C","\xF0\x9F\x91\x9C","handbag"
"475",1,"U+1F475","\xF0\x9F\x91\xB5","older woman"
"476",1,"U+1F477","\xF0\x9F\x91\xB7","construction worker"
"477",1,"U+1F47A","\xF0\x9F\x91\xBA","japanese goblin"
"478",1,"U+1F47B","\xF0\x9F\x91\xBB","ghost"
"479",1,"U+1F4A0","\xF0\x9F\x92\xA0","diamond shape with a dot inside"
"480",1,"U+1F4B1","\xF0\x9F\x92\xB1","currency exchange"
"481",1,"U+1F4B9","\xF0\x9F\x92\xB9","chart with upwards trend and yen sign"
"482",1,"U+1F4BB","\xF0\x9F\x92\xBB","personal computer"
"483",1,"U+1F4BC","\xF0\x9F\x92\xBC","briefcase"
"484",1,"U+1F4C0","\xF0\x9F\x93\x80","dvd"
"485",1,"U+1F4C6","\xF0\x9F\x93\x86","tear-off calendar"
"486",1,"U+1F4DD","\xF0\x9F\x93\x9D","memo"
"487",1,"U+1F4F6","\xF0\x9F\x93\xB6","antenna with bars"
"488",1,"U+1F4F9","\xF0\x9F\x93\xB9","video camera"
"489",1,"U+1F4FB","\xF0\x9F\x93\xBB","radio"
"490",1,"U+1F4FC","\xF0\x9F\x93\xBC","videocassette"
"491",1,"U+1F50C","\xF0\x9F\x94\x8C","electric plug"
"492",1,"U+1F50E","\xF0\x9F\x94\x8E","right-pointing magnifying glass"
"493",1,"U+1F51E","\xF0\x9F\x94\x9E","no one under eighteen symbol"
"494",1,"U+1F527","\xF0\x9F\x94\xA7","wrench"
"495",1,"U+1F52E","\xF0\x9F\x94\xAE","crystal ball"
"496",1,"U+1F531","\xF0\x9F\x94\xB1","trident emblem"
"497",1,"U+1F532","\xF0\x9F\x94\xB2","black square button"
"498",1,"U+1F533","\xF0\x9F\x94\xB3","white square button"
"499",1,"U+1F536","\xF0\x9F\x94\xB6","large orange diamond"
"500",1,"U+1F539","\xF0\x9F\x94\xB9","small blue diamond"
"501",1,"U+1F53B","\xF0\x9F\x94\xBB","down-pointing red triangle"
"502",1,"U+1F550","\xF0\x9F\x95\x90","clock face one oclock"
"503",1,"U+1F55B","\xF0\x9F\x95\x9B","clock face twelve oclock"
"504",1,"U+1F5FD","\xF0\x9F\x97\xBD","statue of liberty"
"505",1,"U+1F5FF","\xF0\x9F\x97\xBF","moyai"
"506",1,"U+1F62F","\xF0\x9F\x98\xAF","hushed face"
"507",1,"U+1F681","\xF0\x9F\x9A\x81","helicopter"
"508",1,"U+1F682","\xF0\x9F\x9A\x82","steam locomotive"
"509",1,"U+1F686","\xF0\x9F\x9A\x86","train"
"510",1,"U+1F68A","\xF0\x9F\x9A\x8A","tram"
"511",1,"U+1F6B4","\xF0\x9F\x9A\xB4","bicyclist"
"512",1,"U+1F6BF","\xF0\x9F\x9A\xBF","shower"
"513",1,"U+1F310","\xF0\x9F\x8C\x90","globe with meridians"
"514",1,"U+1F31D","\xF0\x9F\x8C\x9D","full moon with face"
"515",1,"U+1F332","\xF0\x9F\x8C\xB2","evergreen tree"
"516",1,"U+1F3C9","\xF0\x9F\x8F\x89","rugby football"
"517",1,"U+1F406","\xF0\x9F\x90\x86","leopard"
"518",1,"U+1F40A","\xF0\x9F\x90\x8A","crocodile"
"519",1,"U+1F40B","\xF0\x9F\x90\x8B","whale"
"520",1,"U+1F413","\xF0\x9F\x90\x93","rooster"
"521",1,"U+1F4EC","\xF0\x9F\x93\xAC","open mailbox with raised flag"
"522",1,"U+1F4EF","\xF0\x9F\x93\xAF","postal horn"
"523",1,"U+1F501","\xF0\x9F\x94\x81","clockwise rightwards and leftwards open circle arrows"
"524",1,"U+1F502","\xF0\x9F\x94\x82","clockwise rightwards and leftwards open circle arrows with circled one overlay"
"525",1,"U+1F505","\xF0\x9F\x94\x85","low brightness symbol"
"526",1,"U+1F506","\xF0\x9F\x94\x86","high brightness symbol"
"527",1,"U+1F52D","\xF0\x9F\x94\xAD","telescope"
"528",1,"U+1F567","\xF0\x9F\x95\xA7","clock face twelve-thirty"
"529",0,"Unicode","Bytes (UTF-8)","Description"
"530",0,"U+1F63A","\xF0\x9F\x98\xBA","smiling cat face with open mouth"
"531",0,"U+2709","\xE2\x9C\x89","envelope"
"532",0,"U+2712","\xE2\x9C\x92","black nib"
"533",0,"U+2733","\xE2\x9C\xB3","eight spoked asterisk"
"534",0,"U+2734","\xE2\x9C\xB4","eight pointed black star"
"535",0,"U+2747","\xE2\x9D\x87","sparkle"
"536",0,"U+274E","\xE2\x9D\x8E","negative squared cross mark"
"537",0,"U+2796","\xE2\x9E\x96","heavy minus sign"
"538",0,"U+2797","\xE2\x9E\x97","heavy division sign"
"539",0,"U+27B0","\xE2\x9E\xB0","curly loop"
"540",0,"U+1F683","\xF0\x9F\x9A\x83","railway car"
"541",0,"U+1F685","\xF0\x9F\x9A\x85","high-speed train with bullet nose"
"542",0,"U+1F689","\xF0\x9F\x9A\x89","station"
"543",0,"U+1F68C","\xF0\x9F\x9A\x8C","bus"
"544",0,"U+1F68F","\xF0\x9F\x9A\x8F","bus stop"
"545",0,"U+1F691","\xF0\x9F\x9A\x91","ambulance"
"546",0,"U+1F695","\xF0\x9F\x9A\x95","taxi"
"547",0,"U+1F699","\xF0\x9F\x9A\x99","recreational vehicle"
"548",0,"U+1F69A","\xF0\x9F\x9A\x9A","delivery truck"
"549",0,"U+1F6A7","\xF0\x9F\x9A\xA7","construction sign"
"550",0,"U+1F6A9","\xF0\x9F\x9A\xA9","triangular flag on post"
"551",0,"U+1F6B9","\xF0\x9F\x9A\xB9","mens symbol"
"552",0,"U+1F6BB","\xF0\x9F\x9A\xBB","restroom"
"553",0,"U+1F6BC","\xF0\x9F\x9A\xBC","baby symbol"
"554",0,"U+1F6BD","\xF0\x9F\x9A\xBD","toilet"
"555",0,"U+1F6BE","\xF0\x9F\x9A\xBE","water closet"
"556",0,"U+1F6C0","\xF0\x9F\x9B\x80","bath"
"557",0,"U+1F17E","\xF0\x9F\x85\xBE","negative squared latin capital letter o"
"558",0,"U+1F18E","\xF0\x9F\x86\x8E","negative squared ab"
"559",0,"U+1F191","\xF0\x9F\x86\x91","squared cl"
"560",0,"U+1F194","\xF0\x9F\x86\x94","squared id"
"561",0,"U+1F196","\xF0\x9F\x86\x96","squared ng"
"562",0,"U+1F198","\xF0\x9F\x86\x98","squared sos"
"563",0,"U+1F19A","\xF0\x9F\x86\x9A","squared vs"
"564",0,"U+1F1E9 U+1F1EA","\xF0\x9F\x87\xA9\xF0\x9F\x87\xAA","regional indicator symbol letter d + regional indicator symbol letter e"
"565",0,"U+1F1E8 U+1F1F3","\xF0\x9F\x87\xA8\xF0\x9F\x87\xB3","regional indicator symbol letter c + regional indicator symbol letter n"
"566",0,"U+1F1EF U+1F1F5","\xF0\x9F\x87\xAF\xF0\x9F\x87\xB5","regional indicator symbol letter j + regional indicator symbol letter p"
"567",0,"U+1F1F0 U+1F1F7","\xF0\x9F\x87\xB0\xF0\x9F\x87\xB7","regional indicator symbol letter k + regional indicator symbol letter r"
"568",0,"U+1F1EB U+1F1F7","\xF0\x9F\x87\xAB\xF0\x9F\x87\xB7","regional indicator symbol letter f + regional indicator symbol letter r"
"569",0,"U+1F1EA U+1F1F8","\xF0\x9F\x87\xAA\xF0\x9F\x87\xB8","regional indicator symbol letter e + regional indicator symbol letter s"
"570",0,"U+1F1F7 U+1F1FA","\xF0\x9F\x87\xB7\xF0\x9F\x87\xBA","regional indicator symbol letter r + regional indicator symbol letter u"
"571",0,"U+1F201","\xF0\x9F\x88\x81","squared katakana koko"
"572",0,"U+1F202","\xF0\x9F\x88\x82","squared katakana sa"
"573",0,"U+1F21A","\xF0\x9F\x88\x9A","squared cjk unified ideograph-7121"
"574",0,"U+1F22F","\xF0\x9F\x88\xAF","squared cjk unified ideograph-6307"
"575",0,"U+1F232","\xF0\x9F\x88\xB2","squared cjk unified ideograph-7981"
"576",0,"U+1F233","\xF0\x9F\x88\xB3","squared cjk unified ideograph-7a7a"
"577",0,"U+1F234","\xF0\x9F\x88\xB4","squared cjk unified ideograph-5408"
"578",0,"U+1F235","\xF0\x9F\x88\xB5","squared cjk unified ideograph-6e80"
"579",0,"U+1F236","\xF0\x9F\x88\xB6","squared cjk unified ideograph-6709"
"580",0,"U+1F237","\xF0\x9F\x88\xB7","squared cjk unified ideograph-6708"
"581",0,"U+1F238","\xF0\x9F\x88\xB8","squared cjk unified ideograph-7533"
"582",0,"U+1F23A","\xF0\x9F\x88\xBA","squared cjk unified ideograph-55b6"
"583",0,"U+1F251","\xF0\x9F\x89\x91","circled ideograph accept"
"584",0,"U+00A9","\xC2\xA9","copyright sign"
"585",0,"U+2139","\xE2\x84\xB9","information source"
"586",0,"U+2198","\xE2\x86\x98","south east arrow"
"587",0,"U+2199","\xE2\x86\x99","south west arrow"
"588",0,"U+21A9","\xE2\x86\xA9","leftwards arrow with hook"
"589",0,"U+21AA","\xE2\x86\xAA","rightwards arrow with hook"
"590",0,"U+231A","\xE2\x8C\x9A","watch"
"591",0,"U+231B","\xE2\x8C\x9B","hourglass"
"592",0,"U+23EA","\xE2\x8F\xAA","black left-pointing double triangle"
"593",0,"U+23EB","\xE2\x8F\xAB","black up-pointing double triangle"
"594",0,"U+23EC","\xE2\x8F\xAC","black down-pointing double triangle"
"595",0,"U+25C0","\xE2\x97\x80","black left-pointing triangle"
"596",0,"U+2611","\xE2\x98\x91","ballot box with check"
"597",0,"U+2648","\xE2\x99\x88","aries"
"598",0,"U+264B","\xE2\x99\x8B","cancer"
"599",0,"U+264D","\xE2\x99\x8D","virgo"
"600",0,"U+2650","\xE2\x99\x90","sagittarius"
"601",0,"U+2651","\xE2\x99\x91","capricorn"
"602",0,"U+2652","\xE2\x99\x92","aquarius"
"603",0,"U+2660","\xE2\x99\xA0","black spade suit"
"604",0,"U+2663","\xE2\x99\xA3","black club suit"
"605",0,"U+2666","\xE2\x99\xA6","black diamond suit"
"606",0,"U+267F","\xE2\x99\xBF","wheelchair symbol"
"607",0,"U+26A0","\xE2\x9A\xA0","warning sign"
"608",0,"U+26D4","\xE2\x9B\x94","no entry"
"609",0,"U+26F2","\xE2\x9B\xB2","fountain"
"610",0,"U+26FA","\xE2\x9B\xBA","tent"
"611",0,"U+2934","\xE2\xA4\xB4","arrow pointing rightwards then curving upwards"
"612",0,"U+2935","\xE2\xA4\xB5","arrow pointing rightwards then curving downwards"
"613",0,"U+2B05","\xE2\xAC\x85","leftwards black arrow"
"614",0,"U+2B07","\xE2\xAC\x87","downwards black arrow"
"615",0,"U+2B1B","\xE2\xAC\x9B","black large square"
"616",0,"U+3297","\xE3\x8A\x97","circled ideograph congratulation"
"617",0,"U+3299","\xE3\x8A\x99","circled ideograph secret"
"618",0,"U+1F004","\xF0\x9F\x80\x84","mahjong tile red dragon"
"619",0,"U+1F0CF","\xF0\x9F\x83\x8F","playing card black joker"
"620",0,"U+1F301","\xF0\x9F\x8C\x81","foggy"
"621",0,"U+1F30B","\xF0\x9F\x8C\x8B","volcano"
"622",0,"U+1F30C","\xF0\x9F\x8C\x8C","milky way"
"623",0,"U+1F313","\xF0\x9F\x8C\x93","first quarter moon symbol"
"624",0,"U+1F314","\xF0\x9F\x8C\x94","waxing gibbous moon symbol"
"625",0,"U+1F315","\xF0\x9F\x8C\x95","full moon symbol"
"626",0,"U+1F331","\xF0\x9F\x8C\xB1","seedling"
"627",0,"U+1F33D","\xF0\x9F\x8C\xBD","ear of maize"
"628",0,"U+1F344","\xF0\x9F\x8D\x84","mushroom"
"629",0,"U+1F345","\xF0\x9F\x8D\x85","tomato"
"630",0,"U+1F34F","\xF0\x9F\x8D\x8F","green apple"
"631",0,"U+1F358","\xF0\x9F\x8D\x98","rice cracker"
"632",0,"U+1F359","\xF0\x9F\x8D\x99","rice ball"
"633",0,"U+1F35D","\xF0\x9F\x8D\x9D","spaghetti"
"634",0,"U+1F360","\xF0\x9F\x8D\xA0","roasted sweet potato"
"635",0,"U+1F362","\xF0\x9F\x8D\xA2","oden"
"636",0,"U+1F363","\xF0\x9F\x8D\xA3","sushi"
"637",0,"U+1F367","\xF0\x9F\x8D\xA7","shaved ice"
"638",0,"U+1F368","\xF0\x9F\x8D\xA8","ice cream"
"639",0,"U+1F36C","\xF0\x9F\x8D\xAC","candy"
"640",0,"U+1F36D","\xF0\x9F\x8D\xAD","lollipop"
"641",0,"U+1F372","\xF0\x9F\x8D\xB2","pot of food"
"642",0,"U+1F375","\xF0\x9F\x8D\xB5","teacup without handle"
"643",0,"U+1F376","\xF0\x9F\x8D\xB6","sake bottle and cup"
"644",0,"U+1F383","\xF0\x9F\x8E\x83","jack-o-lantern"
"645",0,"U+1F384","\xF0\x9F\x8E\x84","christmas tree"
"646",0,"U+1F385","\xF0\x9F\x8E\x85","father christmas"
"647",0,"U+1F38C","\xF0\x9F\x8E\x8C","crossed flags"
"648",0,"U+1F38D","\xF0\x9F\x8E\x8D","pine decoration"
"649",0,"U+1F38F","\xF0\x9F\x8E\x8F","carp streamer"
"650",0,"U+1F391","\xF0\x9F\x8E\x91","moon viewing ceremony"
"651",0,"U+1F3A1","\xF0\x9F\x8E\xA1","ferris wheel"
"652",0,"U+1F3A2","\xF0\x9F\x8E\xA2","roller coaster"
"653",0,"U+1F3A6","\xF0\x9F\x8E\xA6","cinema"
"654",0,"U+1F3AB","\xF0\x9F\x8E\xAB","ticket"
"655",0,"U+1F3B4","\xF0\x9F\x8E\xB4","flower playing cards"
"656",0,"U+1F3BD","\xF0\x9F\x8E\xBD","running shirt with sash"
"657",0,"U+1F3BF","\xF0\x9F\x8E\xBF","ski and ski boot"
"658",0,"U+1F3C1","\xF0\x9F\x8F\x81","chequered flag"
"659",0,"U+1F3E2","\xF0\x9F\x8F\xA2","office building"
"660",0,"U+1F3E3","\xF0\x9F\x8F\xA3","japanese post office"
"661",0,"U+1F3E9","\xF0\x9F\x8F\xA9","love hotel"
"662",0,"U+1F3EA","\xF0\x9F\x8F\xAA","convenience store"
"663",0,"U+1F3EB","\xF0\x9F\x8F\xAB","school"
"664",0,"U+1F3EC","\xF0\x9F\x8F\xAC","department store"
"665",0,"U+1F3ED","\xF0\x9F\x8F\xAD","factory"
"666",0,"U+1F3EE","\xF0\x9F\x8F\xAE","izakaya lantern"
"667",0,"U+1F3EF","\xF0\x9F\x8F\xAF","japanese castle"
"668",0,"U+1F40E","\xF0\x9F\x90\x8E","horse"
"669",0,"U+1F411","\xF0\x9F\x90\x91","sheep"
"670",0,"U+1F414","\xF0\x9F\x90\x94","chicken"
"671",0,"U+1F41A","\xF0\x9F\x90\x9A","spiral shell"
"672",0,"U+1F41C","\xF0\x9F\x90\x9C","ant"
"673",0,"U+1F421","\xF0\x9F\x90\xA1","blowfish"
"674",0,"U+1F427","\xF0\x9F\x90\xA7","penguin"
"675",0,"U+1F428","\xF0\x9F\x90\xA8","koala"
"676",0,"U+1F429","\xF0\x9F\x90\xA9","poodle"
"677",0,"U+1F42B","\xF0\x9F\x90\xAB","bactrian camel"
"678",0,"U+1F42D","\xF0\x9F\x90\xAD","mouse face"
"679",0,"U+1F42E","\xF0\x9F\x90\xAE","cow face"
"680",0,"U+1F430","\xF0\x9F\x90\xB0","rabbit face"
"681",0,"U+1F432","\xF0\x9F\x90\xB2","dragon face"
"682",0,"U+1F439","\xF0\x9F\x90\xB9","hamster face"
"683",0,"U+1F43D","\xF0\x9F\x90\xBD","pig nose"
"684",0,"U+1F442","\xF0\x9F\x91\x82","ear"
"685",0,"U+1F455","\xF0\x9F\x91\x95","t-shirt"
"686",0,"U+1F45D","\xF0\x9F\x91\x9D","pouch"
"687",0,"U+1F461","\xF0\x9F\x91\xA1","womans sandal"
"688",0,"U+1F467","\xF0\x9F\x91\xA7","girl"
"689",0,"U+1F471","\xF0\x9F\x91\xB1","person with blond hair"
"690",0,"U+1F472","\xF0\x9F\x91\xB2","man with gua pi mao"
"691",0,"U+1F474","\xF0\x9F\x91\xB4","older man"
"692",0,"U+1F47E","\xF0\x9F\x91\xBE","alien monster"
"693",0,"U+1F492","\xF0\x9F\x92\x92","wedding"
"694",0,"U+1F4A2","\xF0\x9F\x92\xA2","anger symbol"
"695",0,"U+1F4AC","\xF0\x9F\x92\xAC","speech balloon"
"696",0,"U+1F4AE","\xF0\x9F\x92\xAE","white flower"
"697",0,"U+1F4B3","\xF0\x9F\x92\xB3","credit card"
"698",0,"U+1F4B4","\xF0\x9F\x92\xB4","banknote with yen sign"
"699",0,"U+1F4BE","\xF0\x9F\x92\xBE","floppy disk"
"700",0,"U+1F4C1","\xF0\x9F\x93\x81","file folder"
"701",0,"U+1F4C2","\xF0\x9F\x93\x82","open file folder"
"702",0,"U+1F4C3","\xF0\x9F\x93\x83","page with curl"
"703",0,"U+1F4C4","\xF0\x9F\x93\x84","page facing up"
"704",0,"U+1F4C5","\xF0\x9F\x93\x85","calendar"
"705",0,"U+1F4C7","\xF0\x9F\x93\x87","card index"
"706",0,"U+1F4C8","\xF0\x9F\x93\x88","chart with upwards trend"
"707",0,"U+1F4C9","\xF0\x9F\x93\x89","chart with downwards trend"
"708",0,"U+1F4CA","\xF0\x9F\x93\x8A","bar chart"
"709",0,"U+1F4CB","\xF0\x9F\x93\x8B","clipboard"
"710",0,"U+1F4CC","\xF0\x9F\x93\x8C","pushpin"
"711",0,"U+1F4CD","\xF0\x9F\x93\x8D","round pushpin"
"712",0,"U+1F4CE","\xF0\x9F\x93\x8E","paperclip"
"713",0,"U+1F4CF","\xF0\x9F\x93\x8F","straight ruler"
"714",0,"U+1F4D0","\xF0\x9F\x93\x90","triangular ruler"
"715",0,"U+1F4D1","\xF0\x9F\x93\x91","bookmark tabs"
"716",0,"U+1F4D2","\xF0\x9F\x93\x92","ledger"
"717",0,"U+1F4D3","\xF0\x9F\x93\x93","notebook"
"718",0,"U+1F4D4","\xF0\x9F\x93\x94","notebook with decorative cover"
"719",0,"U+1F4D5","\xF0\x9F\x93\x95","closed book"
"720",0,"U+1F4D7","\xF0\x9F\x93\x97","green book"
"721",0,"U+1F4D8","\xF0\x9F\x93\x98","blue book"
"722",0,"U+1F4D9","\xF0\x9F\x93\x99","orange book"
"723",0,"U+1F4DB","\xF0\x9F\x93\x9B","name badge"
"724",0,"U+1F4DC","\xF0\x9F\x93\x9C","scroll"
"725",0,"U+1F4DE","\xF0\x9F\x93\x9E","telephone receiver"
"726",0,"U+1F4DF","\xF0\x9F\x93\x9F","pager"
"727",0,"U+1F4E0","\xF0\x9F\x93\xA0","fax machine"
"728",0,"U+1F4E3","\xF0\x9F\x93\xA3","cheering megaphone"
"729",0,"U+1F4E4","\xF0\x9F\x93\xA4","outbox tray"
"730",0,"U+1F4E5","\xF0\x9F\x93\xA5","inbox tray"
"731",0,"U+1F4E6","\xF0\x9F\x93\xA6","package"
"732",0,"U+1F4E7","\xF0\x9F\x93\xA7","e-mail symbol"
"733",0,"U+1F4E8","\xF0\x9F\x93\xA8","incoming envelope"
"734",0,"U+1F4E9","\xF0\x9F\x93\xA9","envelope with downwards arrow above"
"735",0,"U+1F4EA","\xF0\x9F\x93\xAA","closed mailbox with lowered flag"
"736",0,"U+1F4EB","\xF0\x9F\x93\xAB","closed mailbox with raised flag"
"737",0,"U+1F4EE","\xF0\x9F\x93\xAE","postbox"
"738",0,"U+1F4F0","\xF0\x9F\x93\xB0","newspaper"
"739",0,"U+1F4F1","\xF0\x9F\x93\xB1","mobile phone"
"740",0,"U+1F4F2","\xF0\x9F\x93\xB2","mobile phone with rightwards arrow at left"
"741",0,"U+1F4F3","\xF0\x9F\x93\xB3","vibration mode"
"742",0,"U+1F4F4","\xF0\x9F\x93\xB4","mobile phone off"
"743",0,"U+1F4FA","\xF0\x9F\x93\xBA","television"
"744",0,"U+1F503","\xF0\x9F\x94\x83","clockwise downwards and upwards open circle arrows"
"745",0,"U+1F50B","\xF0\x9F\x94\x8B","battery"
"746",0,"U+1F50D","\xF0\x9F\x94\x8D","left-pointing magnifying glass"
"747",0,"U+1F50F","\xF0\x9F\x94\x8F","lock with ink pen"
"748",0,"U+1F516","\xF0\x9F\x94\x96","bookmark"
"749",0,"U+1F517","\xF0\x9F\x94\x97","link symbol"
"750",0,"U+1F518","\xF0\x9F\x94\x98","radio button"
"751",0,"U+1F51A","\xF0\x9F\x94\x9A","end with leftwards arrow above"
"752",0,"U+1F51F","\xF0\x9F\x94\x9F","keycap ten"
"753",0,"U+1F520","\xF0\x9F\x94\xA0","input symbol for latin capital letters"
"754",0,"U+1F521","\xF0\x9F\x94\xA1","input symbol for latin small letters"
"755",0,"U+1F522","\xF0\x9F\x94\xA2","input symbol for numbers"
"756",0,"U+1F523","\xF0\x9F\x94\xA3","input symbol for symbols"
"757",0,"U+1F524","\xF0\x9F\x94\xA4","input symbol for latin letters"
"758",0,"U+1F52F","\xF0\x9F\x94\xAF","six pointed star with middle dot"
"759",0,"U+1F530","\xF0\x9F\x94\xB0","japanese symbol for beginner"
"760",0,"U+1F538","\xF0\x9F\x94\xB8","small orange diamond"
"761",0,"U+1F53A","\xF0\x9F\x94\xBA","up-pointing red triangle"
"762",0,"U+1F53C","\xF0\x9F\x94\xBC","up-pointing small red triangle"
"763",0,"U+1F53D","\xF0\x9F\x94\xBD","down-pointing small red triangle"
"764",0,"U+1F551","\xF0\x9F\x95\x91","clock face two oclock"
"765",0,"U+1F552","\xF0\x9F\x95\x92","clock face three oclock"
"766",0,"U+1F553","\xF0\x9F\x95\x93","clock face four oclock"
"767",0,"U+1F554","\xF0\x9F\x95\x94","clock face five oclock"
"768",0,"U+1F555","\xF0\x9F\x95\x95","clock face six oclock"
"769",0,"U+1F556","\xF0\x9F\x95\x96","clock face seven oclock"
"770",0,"U+1F557","\xF0\x9F\x95\x97","clock face eight oclock"
"771",0,"U+1F558","\xF0\x9F\x95\x98","clock face nine oclock"
"772",0,"U+1F559","\xF0\x9F\x95\x99","clock face ten oclock"
"773",0,"U+1F55A","\xF0\x9F\x95\x9A","clock face eleven oclock"
"774",0,"U+1F5FB","\xF0\x9F\x97\xBB","mount fuji"
"775",0,"U+1F5FC","\xF0\x9F\x97\xBC","tokyo tower"
"776",0,"U+1F5FE","\xF0\x9F\x97\xBE","silhouette of japan"
"777",0,"U+1F688","\xF0\x9F\x9A\x88","light rail"
"778",0,"U+1F68D","\xF0\x9F\x9A\x8D","oncoming bus"
"779",0,"U+1F68E","\xF0\x9F\x9A\x8E","trolleybus"
"780",0,"U+1F690","\xF0\x9F\x9A\x90","minibus"
"781",0,"U+1F696","\xF0\x9F\x9A\x96","oncoming taxi"
"782",0,"U+1F69B","\xF0\x9F\x9A\x9B","articulated lorry"
"783",0,"U+1F69C","\xF0\x9F\x9A\x9C","tractor"
"784",0,"U+1F69D","\xF0\x9F\x9A\x9D","monorail"
"785",0,"U+1F69E","\xF0\x9F\x9A\x9E","mountain railway"
"786",0,"U+1F69F","\xF0\x9F\x9A\x9F","suspension railway"
"787",0,"U+1F6A0","\xF0\x9F\x9A\xA0","mountain cableway"
"788",0,"U+1F6A1","\xF0\x9F\x9A\xA1","aerial tramway"
"789",0,"U+1F6A6","\xF0\x9F\x9A\xA6","vertical traffic light"
"790",0,"U+1F6AF","\xF0\x9F\x9A\xAF","do not litter symbol"
"791",0,"U+1F6B0","\xF0\x9F\x9A\xB0","potable water symbol"
"792",0,"U+1F6B1","\xF0\x9F\x9A\xB1","non-potable water symbol"
"793",0,"U+1F6B3","\xF0\x9F\x9A\xB3","no bicycles"
"794",0,"U+1F6B5","\xF0\x9F\x9A\xB5","mountain bicyclist"
"795",0,"U+1F6B7","\xF0\x9F\x9A\xB7","no pedestrians"
"796",0,"U+1F6B8","\xF0\x9F\x9A\xB8","children crossing"
"797",0,"U+1F6C1","\xF0\x9F\x9B\x81","bathtub"
"798",0,"U+1F6C2","\xF0\x9F\x9B\x82","passport control"
"799",0,"U+1F6C3","\xF0\x9F\x9B\x83","customs"
"800",0,"U+1F6C4","\xF0\x9F\x9B\x84","baggage claim"
"801",0,"U+1F6C5","\xF0\x9F\x9B\x85","left luggage"
"802",0,"U+1F312","\xF0\x9F\x8C\x92","waxing crescent moon symbol"
"803",0,"U+1F316","\xF0\x9F\x8C\x96","waning gibbous moon symbol"
"804",0,"U+1F317","\xF0\x9F\x8C\x97","last quarter moon symbol"
"805",0,"U+1F318","\xF0\x9F\x8C\x98","waning crescent moon symbol"
"806",0,"U+1F34B","\xF0\x9F\x8D\x8B","lemon"
"807",0,"U+1F350","\xF0\x9F\x8D\x90","pear"
"808",0,"U+1F3C7","\xF0\x9F\x8F\x87","horse racing"
"809",0,"U+1F400","\xF0\x9F\x90\x80","rat"
"810",0,"U+1F401","\xF0\x9F\x90\x81","mouse"
"811",0,"U+1F402","\xF0\x9F\x90\x82","ox"
"812",0,"U+1F403","\xF0\x9F\x90\x83","water buffalo"
"813",0,"U+1F404","\xF0\x9F\x90\x84","cow"
"814",0,"U+1F405","\xF0\x9F\x90\x85","tiger"
"815",0,"U+1F407","\xF0\x9F\x90\x87","rabbit"
"816",0,"U+1F408","\xF0\x9F\x90\x88","cat"
"817",0,"U+1F409","\xF0\x9F\x90\x89","dragon"
"818",0,"U+1F40F","\xF0\x9F\x90\x8F","ram"
"819",0,"U+1F415","\xF0\x9F\x90\x95","dog"
"820",0,"U+1F416","\xF0\x9F\x90\x96","pig"
"821",0,"U+1F42A","\xF0\x9F\x90\xAA","dromedary camel"
"822",0,"U+1F465","\xF0\x9F\x91\xA5","busts in silhouette"
"823",0,"U+1F4B6","\xF0\x9F\x92\xB6","banknote with euro sign"
"824",0,"U+1F4B7","\xF0\x9F\x92\xB7","banknote with pound sign"
"825",0,"U+1F4ED","\xF0\x9F\x93\xAD","open mailbox with lowered flag"
"826",0,"U+1F4F5","\xF0\x9F\x93\xB5","no mobile phones"
"827",0,"U+1F500","\xF0\x9F\x94\x80","twisted rightwards arrows"
"828",0,"U+1F504","\xF0\x9F\x94\x84","anticlockwise downwards and upwards open circle arrows"
"829",0,"U+1F507","\xF0\x9F\x94\x87","speaker with cancellation stroke"
"830",0,"U+1F509","\xF0\x9F\x94\x89","speaker with one sound wave"
"831",0,"U+1F515","\xF0\x9F\x94\x95","bell with cancellation stroke"
"832",0,"U+1F52C","\xF0\x9F\x94\xAC","microscope"
"833",0,"U+1F55C","\xF0\x9F\x95\x9C","clock face one-thirty"
"834",0,"U+1F55D","\xF0\x9F\x95\x9D","clock face two-thirty"
"835",0,"U+1F55E","\xF0\x9F\x95\x9E","clock face three-thirty"
"836",0,"U+1F55F","\xF0\x9F\x95\x9F","clock face four-thirty"
"837",0,"U+1F560","\xF0\x9F\x95\xA0","clock face five-thirty"
"838",0,"U+1F561","\xF0\x9F\x95\xA1","clock face six-thirty"
"839",0,"U+1F562","\xF0\x9F\x95\xA2","clock face seven-thirty"
"840",0,"U+1F563","\xF0\x9F\x95\xA3","clock face eight-thirty"
"841",0,"U+1F564","\xF0\x9F\x95\xA4","clock face nine-thirty"
"842",0,"U+1F565","\xF0\x9F\x95\xA5","clock face ten-thirty"
"843",0,"U+1F566","\xF0\x9F\x95\xA6","clock face eleven-thirty"
